[
{
    "model": "airport.airport",
    "pk": 1,
    "fields": {
        "name": "Boryspil International Airport",
        "closest_big_city": "Kyiv"
    }
},
{
    "model": "airport.airport",
    "pk": 2,
    "fields": {
        "name": "Heathrow Airport",
        "closest_big_city": "London"
    }
},
{
    "model": "airport.airport",
    "pk": 3,
    "fields": {
        "name": "Charles de Gaulle Airport",
        "closest_big_city": "Paris"
    }
},
{
    "model": "airport.airport",
    "pk": 4,
    "fields": {
        "name": "John F. Kennedy International Airport",
        "closest_big_city": "New York"
    }
},
{
    "model": "airport.airport",
    "pk": 5,
    "fields": {
        "name": "Dubai International Airport",
        "closest_big_city": "Dubai"
    }
},
{
    "model": "airport.airplanetype",
    "pk": 1,
    "fields": {
        "name": "Boeing 737"
    }
},
{
    "model": "airport.airplanetype",
    "pk": 2,
    "fields": {
        "name": "Airbus A320"
    }
},
{
    "model": "airport.airplanetype",
    "pk": 3,
    "fields": {
        "name": "Boeing 777"
    }
},
{
    "model": "airport.airplanetype",
    "pk": 4,
    "fields": {
        "name": "Airbus A380"
    }
},
{
    "model": "airport.airplanetype",
    "pk": 5,
    "fields": {
        "name": "Boeing 787"
    }
},
{
    "model": "airport.airplane",
    "pk": 1,
    "fields": {
        "name": "UR-PSA",
        "rows": 30,
        "seats_in_row": 6,
        "airplane_type": 1
    }
},
{
    "model": "airport.airplane",
    "pk": 2,
    "fields": {
        "name": "UR-PSB",
        "rows": 28,
        "seats_in_row": 6,
        "airplane_type": 2
    }
},
{
    "model": "airport.airplane",
    "pk": 3,
    "fields": {
        "name": "UR-PSC",
        "rows": 40,
        "seats_in_row": 9,
        "airplane_type": 3
    }
},
{
    "model": "airport.airplane",
    "pk": 4,
    "fields": {
        "name": "UR-PSD",
        "rows": 50,
        "seats_in_row": 10,
        "airplane_type": 4
    }
},
{
    "model": "airport.airplane",
    "pk": 5,
    "fields": {
        "name": "UR-PSE",
        "rows": 35,
        "seats_in_row": 8,
        "airplane_type": 5
    }
},
{
    "model": "airport.crew",
    "pk": 1,
    "fields": {
        "first_name": "Michael",
        "last_name": "Johnson"
    }
},
{
    "model": "airport.crew",
    "pk": 2,
    "fields": {
        "first_name": "Sarah",
        "last_name": "Williams"
    }
},
{
    "model": "airport.crew",
    "pk": 3,
    "fields": {
        "first_name": "Robert",
        "last_name": "Brown"
    }
},
{
    "model": "airport.crew",
    "pk": 4,
    "fields": {
        "first_name": "Emily",
        "last_name": "Davis"
    }
},
{
    "model": "airport.crew",
    "pk": 5,
    "fields": {
        "first_name": "James",
        "last_name": "Wilson"
    }
},
{
    "model": "airport.route",
    "pk": 1,
    "fields": {
        "source": 1,
        "destination": 2,
        "distance": 2000
    }
},
{
    "model": "airport.route",
    "pk": 2,
    "fields": {
        "source": 2,
        "destination": 3,
        "distance": 350
    }
},
{
    "model": "airport.route",
    "pk": 3,
    "fields": {
        "source": 3,
        "destination": 4,
        "distance": 5800
    }
},
{
    "model": "airport.route",
    "pk": 4,
    "fields": {
        "source": 4,
        "destination": 5,
        "distance": 11000
    }
},
{
    "model": "airport.route",
    "pk": 5,
    "fields": {
        "source": 5,
        "destination": 1,
        "distance": 5500
    }
},
{
    "model": "airport.flight",
    "pk": 1,
    "fields": {
        "route": 1,
        "airplane": 1,
        "departure_time": "2025-12-16T14:30:14Z",
        "arrival_time": "2025-12-17T14:30:22Z",
        "crew": [
            1,
            2
        ]
    }
},
{
    "model": "airport.flight",
    "pk": 2,
    "fields": {
        "route": 2,
        "airplane": 2,
        "departure_time": "2025-12-16T14:40:02Z",
        "arrival_time": "2025-12-17T14:40:11Z",
        "crew": [
            3,
            4
        ]
    }
},
{
    "model": "airport.flight",
    "pk": 3,
    "fields": {
        "route": 3,
        "airplane": 3,
        "departure_time": "2025-12-16T14:40:45Z",
        "arrival_time": "2025-12-17T14:40:51Z",
        "crew": [
            5
        ]
    }
},
{
    "model": "airport.order",
    "pk": 1,
    "fields": {
        "created_at": "2024-12-16T14:41:51.872Z",
        "user": 2
    }
},
{
    "model": "airport.order",
    "pk": 2,
    "fields": {
        "created_at": "2024-12-16T14:41:55.506Z",
        "user": 4
    }
},
{
    "model": "airport.order",
    "pk": 3,
    "fields": {
        "created_at": "2024-12-16T14:41:57.472Z",
        "user": 3
    }
},
{
    "model": "airport.order",
    "pk": 4,
    "fields": {
        "created_at": "2024-12-16T14:41:59.344Z",
        "user": 1
    }
},
{
    "model": "airport.order",
    "pk": 5,
    "fields": {
        "created_at": "2024-12-16T14:42:01.464Z",
        "user": 5
    }
},
{
    "model": "airport.ticket",
    "pk": 1,
    "fields": {
        "row": 1,
        "seat": 1,
        "flight": 1,
        "order": 4
    }
},
{
    "model": "airport.ticket",
    "pk": 2,
    "fields": {
        "row": 2,
        "seat": 3,
        "flight": 2,
        "order": 1
    }
},
{
    "model": "airport.ticket",
    "pk": 3,
    "fields": {
        "row": 5,
        "seat": 5,
        "flight": 3,
        "order": 3
    }
},
{
    "model": "accounts.user",
    "pk": 1,
    "fields": {
        "password": "pbkdf2_sha256$870000$s47G96gQACGkWnrf1F1JLG$xYS9kvmnUbKlgldroQRYu9iV77F23W0BNwJp1GhIy2A=",
        "last_login": "2024-12-16T14:04:11.251Z",
        "is_superuser": true,
        "is_staff": true,
        "is_active": true,
        "date_joined": "2024-12-16T14:03:39.076Z",
        "email": "admin@admin.com",
        "first_name": "Admin",
        "last_name": "User",
        "groups": [],
        "user_permissions": []
    }
},
{
    "model": "accounts.user",
    "pk": 2,
    "fields": {
        "password": "pbkdf2_sha256$870000$keT2mShxKbAOFqnf4Z6vbi$D8EQoo8+XWMJ1SydBQXnqZUNVXep7lc7U94LrNOC3zw=",
        "last_login": null,
        "is_superuser": false,
        "is_staff": false,
        "is_active": true,
        "date_joined": "2024-12-16T14:14:29.841Z",
        "email": "john@doe.com",
        "first_name": "John",
        "last_name": "Doe",
        "groups": [],
        "user_permissions": []
    }
},
{
    "model": "accounts.user",
    "pk": 3,
    "fields": {
        "password": "pbkdf2_sha256$870000$K9i2ZFldZT5BAD91HuMnPs$kANWTwAM0LKyUoSJiSMsbm8XhAvnjTKUpwJWydZneSQ=",
        "last_login": null,
        "is_superuser": false,
        "is_staff": false,
        "is_active": true,
        "date_joined": "2024-12-16T14:15:05.885Z",
        "email": "mary@smith.com",
        "first_name": "Mary",
        "last_name": "Smith",
        "groups": [],
        "user_permissions": []
    }
},
{
    "model": "accounts.user",
    "pk": 4,
    "fields": {
        "password": "pbkdf2_sha256$870000$hfdpn5EkfwIh1PYlmzI1Ex$NX2MbLe9zh2uUAptq/K2Utk1G9g7/5TTquMr9bdZSoc=",
        "last_login": null,
        "is_superuser": false,
        "is_staff": false,
        "is_active": true,
        "date_joined": "2024-12-16T14:15:35.623Z",
        "email": "david@johnson.com",
        "first_name": "David",
        "last_name": "Johnson",
        "groups": [],
        "user_permissions": []
    }
},
{
    "model": "accounts.user",
    "pk": 5,
    "fields": {
        "password": "pbkdf2_sha256$870000$13LW8FuSFOKhqU6zlbdMhI$kqbbOwzgJua52BaaaleA3NUIjM6Jze00r8O4sPKvC0c=",
        "last_login": null,
        "is_superuser": false,
        "is_staff": false,
        "is_active": true,
        "date_joined": "2024-12-16T14:15:52.566Z",
        "email": "sarah@wilson.com",
        "first_name": "Sarah",
        "last_name": "Wilson",
        "groups": [],
        "user_permissions": []
    }
}
]
